,date,open,close,high,low,volume,amount,swing,chg_pct,chg_amount,turnover
0,2020-01-02,4121.35,4152.24,4172.66,4121.35,182116772,270105530368.0,1.25,1.36,55.66,0.65
1,2020-01-03,4161.22,4144.96,4164.3,4131.86,142826245,215216287744.0,0.78,-0.18,-7.28,0.51
2,2020-01-06,4120.52,4129.3,4170.64,4102.38,175309952,250182070272.0,1.65,-0.38,-15.66,0.63
3,2020-01-07,4137.4,4160.23,4161.25,4135.1,139489032,196389060608.0,0.63,0.75,30.93,0.5
4,2020-01-08,4139.63,4112.32,4149.81,4101.98,167585851,212406263808.0,1.15,-1.15,-47.91,0.6
5,2020-01-09,4145.53,4164.37,4165.66,4143.59,136886323,200150351872.0,0.54,1.27,52.05,0.49
6,2020-01-10,4177.58,4163.18,4180.98,4148.48,113031718,177827414016.0,0.78,-0.03,-1.19,0.4
7,2020-01-13,4166.93,4203.99,4203.99,4148.6,119691983,199795490816.0,1.33,0.98,40.81,0.43
8,2020-01-14,4215.16,4189.89,4223.51,4188.08,129320783,196221263872.0,0.84,-0.34,-14.1,0.46
9,2020-01-15,4186.88,4166.73,4193.87,4150.88,104633137,163081932800.0,1.03,-0.55,-23.16,0.37
10,2020-01-16,4174.82,4149.04,4175.29,4142.18,100267643,156242505728.0,0.79,-0.42,-17.69,0.36
11,2020-01-17,4162.19,4154.85,4177.03,4141.64,98725683,166591590400.0,0.85,0.14,5.81,0.35
12,2020-01-20,4170.74,4185.83,4185.96,4149.49,122409147,202692288512.0,0.88,0.75,30.98,0.44
13,2020-01-21,4165.02,4114.31,4165.02,4113.33,130527506,204586881024.0,1.23,-1.71,-71.52,0.47
14,2020-01-22,4093.8,4131.93,4141.18,4046.49,126758764,208136151040.0,2.3,0.43,17.62,0.45
15,2020-01-23,4093.32,4003.9,4103.52,3972.39,160357604,250409357312.0,3.17,-3.1,-128.03,0.57
16,2020-02-03,3639.91,3688.36,3732.16,3639.91,157559647,243303104512.0,2.3,-7.88,-315.54,0.56
17,2020-02-04,3652.0,3785.64,3786.86,3652.0,213933327,298165768192.0,3.66,2.64,97.28,0.76
18,2020-02-05,3801.1,3828.53,3866.01,3781.61,174925524,264042921984.0,2.23,1.13,42.89,0.62
19,2020-02-06,3841.75,3899.78,3914.92,3806.96,176462236,262820089856.0,2.82,1.86,71.25,0.63
20,2020-02-07,3879.55,3899.87,3899.88,3849.71,151731758,237508816896.0,1.29,0.0,0.09,0.54
21,2020-02-10,3872.37,3916.01,3920.17,3861.01,148406968,229625442304.0,1.52,0.41,16.14,0.53
22,2020-02-11,3926.42,3952.46,3970.52,3915.71,143441674,219307118592.0,1.4,0.93,36.45,0.51
23,2020-02-12,3945.67,3984.43,3984.43,3940.67,126710321,200776708096.0,1.11,0.81,31.97,0.45
24,2020-02-13,3985.88,3959.92,3999.55,3950.14,145001843,228605964288.0,1.24,-0.62,-24.51,0.52
25,2020-02-14,3954.23,3987.73,4001.56,3954.02,143239803,222895075328.0,1.2,0.7,27.81,0.51
26,2020-02-17,3999.65,4077.42,4077.45,3999.65,182778970,273067819008.0,1.95,2.25,89.69,0.65
27,2020-02-18,4069.83,4057.51,4076.39,4027.79,163236219,242552516608.0,1.19,-0.49,-19.91,0.58
28,2020-02-19,4049.59,4051.31,4085.17,4042.85,169046441,257554534400.0,1.04,-0.15,-6.2,0.6
29,2020-02-20,4062.9,4144.66,4148.53,4055.81,212232625,310835589120.0,2.29,2.3,93.35,0.76
30,2020-02-21,4134.87,4149.49,4184.44,4130.17,217213604,326564003840.0,1.31,0.12,4.83,0.78
31,2020-02-24,4131.84,4132.84,4149.01,4097.18,212869304,326387802112.0,1.25,-0.4,-16.65,0.76
32,2020-02-25,4066.3,4123.85,4126.71,4020.91,244167831,372213719040.0,2.56,-0.22,-8.99,0.87
33,2020-02-26,4070.1,4073.02,4132.78,4061.13,261094062,366022418432.0,1.74,-1.23,-50.83,0.93
34,2020-02-27,4084.08,4084.88,4110.53,4067.44,181290980,282050207744.0,1.06,0.29,11.86,0.65
35,2020-02-28,3988.73,3940.05,4031.15,3928.07,230275092,330358906880.0,2.52,-3.55,-144.83,0.82
36,2020-03-02,3968.84,4069.67,4092.54,3968.84,219313559,317426204672.0,3.14,3.29,129.62,0.78
37,2020-03-03,4125.14,4091.36,4147.65,4067.91,219369777,330802585600.0,1.96,0.53,21.69,0.78
38,2020-03-04,4078.5,4115.05,4115.26,4060.73,182424730,281784864768.0,1.33,0.58,23.69,0.65
39,2020-03-05,4150.21,4206.73,4215.85,4127.04,231823114,362838831104.0,2.16,2.23,91.68,0.83
40,2020-03-06,4158.2,4138.51,4181.31,4135.39,172475717,253168631808.0,1.09,-1.62,-68.22,0.62
41,2020-03-09,4063.08,3997.13,4063.08,3995.13,208102034,305428729856.0,1.64,-3.42,-141.38,0.74
42,2020-03-10,3975.23,4082.73,4093.0,3954.75,197416402,296184434688.0,3.46,2.14,85.6,0.7
43,2020-03-11,4090.93,4028.43,4091.27,4028.4,161656110,244990873600.0,1.54,-1.33,-54.3,0.58
44,2020-03-12,3976.11,3950.91,3987.43,3926.27,157060457,233152847872.0,1.52,-1.92,-77.52,0.56
45,2020-03-13,3771.01,3895.31,3937.18,3765.15,188296722,280213454848.0,4.35,-1.41,-55.6,0.67
46,2020-03-16,3899.86,3727.84,3899.86,3720.51,185968261,282836238336.0,4.6,-4.3,-167.47,0.66
47,2020-03-17,3739.78,3709.68,3786.89,3618.31,166246129,250824024064.0,4.52,-0.49,-18.16,0.59
48,2020-03-18,3729.69,3636.26,3775.85,3636.26,155037548,244127162368.0,3.76,-1.98,-73.42,0.55
49,2020-03-19,3623.79,3589.09,3647.99,3503.19,180807406,271827468288.0,3.98,-1.3,-47.17,0.65
50,2020-03-20,3629.51,3653.22,3663.95,3588.78,139603000,211223072768.0,2.09,1.79,64.13,0.5
51,2020-03-23,3542.68,3530.31,3585.8,3523.79,137108790,197669625856.0,1.7,-3.36,-122.91,0.49
52,2020-03-24,3598.65,3625.11,3627.76,3545.45,143103022,208553840640.0,2.33,2.69,94.8,0.51
53,2020-03-25,3711.48,3722.52,3732.65,3685.99,153495959,231561519104.0,1.29,2.69,97.41,0.55
54,2020-03-26,3692.61,3698.05,3736.25,3681.27,112310666,169336311808.0,1.48,-0.66,-24.47,0.4
55,2020-03-27,3746.39,3710.06,3758.78,3709.92,124060995,186103427072.0,1.32,0.32,12.01,0.44
56,2020-03-30,3657.46,3674.11,3690.64,3637.59,126876672,180640800768.0,1.43,-0.97,-35.95,0.45
57,2020-03-31,3708.14,3686.16,3716.07,3676.2,111453025,161595510784.0,1.09,0.33,12.05,0.4
58,2020-04-01,3682.3,3675.08,3731.78,3670.97,119352620,170422566912.0,1.65,-0.3,-11.08,0.43
59,2020-04-02,3656.32,3734.53,3734.53,3652.32,115168210,168893255680.0,2.24,1.62,59.45,0.41
60,2020-04-03,3721.48,3713.22,3738.83,3698.98,99825083,150132813824.0,1.07,-0.57,-21.31,0.36
61,2020-04-07,3779.91,3798.02,3803.63,3772.21,142778030,207642820608.0,0.85,2.28,84.8,0.51
62,2020-04-08,3776.42,3780.34,3793.0,3767.29,111389514,161576771584.0,0.68,-0.47,-17.68,0.4
63,2020-04-09,3798.49,3792.81,3801.72,3785.31,100485033,154595319808.0,0.43,0.33,12.47,0.36
64,2020-04-10,3794.84,3769.18,3824.74,3758.96,102444956,162251235328.0,1.73,-0.62,-23.63,0.37
65,2020-04-13,3751.71,3753.26,3769.88,3740.19,79053343,119874301952.0,0.79,-0.42,-15.92,0.28
66,2020-04-14,3777.83,3825.7,3825.76,3764.98,110637586,170612580352.0,1.62,1.93,72.44,0.4
67,2020-04-15,3820.85,3797.36,3829.8,3793.44,108461985,169700216832.0,0.95,-0.74,-28.34,0.39
68,2020-04-16,3777.8,3802.38,3807.36,3774.56,95947965,147164303360.0,0.86,0.13,5.02,0.34
69,2020-04-17,3831.92,3839.49,3863.45,3821.42,132004301,203595268096.0,1.11,0.98,37.11,0.47
70,2020-04-20,3845.46,3853.46,3853.8,3831.55,100013115,151924088832.0,0.58,0.36,13.97,0.36
71,2020-04-21,3838.23,3808.05,3838.23,3780.0,102921889,155077455872.0,1.51,-1.18,-45.41,0.37
72,2020-04-22,3789.13,3839.38,3839.38,3782.21,85899464,135547281408.0,1.5,0.82,31.33,0.31
73,2020-04-23,3851.91,3829.75,3857.47,3826.56,95508449,142122549248.0,0.81,-0.25,-9.63,0.34
74,2020-04-24,3826.31,3796.97,3827.21,3787.07,94844134,138961199104.0,1.05,-0.86,-32.78,0.34
75,2020-04-27,3808.02,3822.77,3842.87,3793.77,95462735,145301151744.0,1.29,0.68,25.8,0.34
76,2020-04-28,3835.35,3849.15,3859.68,3768.2,122093476,184179761152.0,2.39,0.69,26.38,0.44
77,2020-04-29,3837.51,3867.03,3880.74,3833.72,95854589,151282102272.0,1.22,0.46,17.88,0.34
78,2020-04-30,3880.41,3912.58,3921.7,3880.41,132917125,202268286976.0,1.07,1.18,45.55,0.47
79,2020-05-06,3867.26,3936.25,3937.69,3865.99,139855675,214935961600.0,1.83,0.6,23.67,0.5
80,2020-05-07,3937.59,3924.89,3941.48,3915.9,105514647,167207800832.0,0.65,-0.29,-11.36,0.38
81,2020-05-08,3943.0,3963.62,3979.66,3935.98,116943342,190299586560.0,1.11,0.99,38.73,0.42
82,2020-05-11,3974.76,3960.18,3998.1,3944.5,122673802,193758093312.0,1.35,-0.09,-3.44,0.44
83,2020-05-12,3961.34,3960.24,3970.11,3930.21,98250555,157465780224.0,1.01,0.0,0.06,0.35
84,2020-05-13,3946.64,3968.25,3972.53,3932.57,88190669,145563381760.0,1.01,0.2,8.01,0.31
85,2020-05-14,3952.2,3925.22,3952.2,3924.05,88530004,143499177984.0,0.71,-1.08,-43.03,0.32
86,2020-05-15,3941.13,3912.82,3945.2,3907.4,92618383,153301504000.0,0.96,-0.32,-12.4,0.33
87,2020-05-18,3914.66,3922.91,3946.43,3898.4,112801761,188528119808.0,1.23,0.26,10.09,0.4
88,2020-05-19,3963.78,3956.25,3966.85,3944.07,94015291,159886221312.0,0.58,0.85,33.34,0.34
89,2020-05-20,3955.71,3935.22,3955.71,3923.92,100791150,157102534656.0,0.8,-0.53,-21.03,0.36
90,2020-05-21,3950.6,3913.79,3951.74,3907.58,94861033,149154144256.0,1.12,-0.54,-21.43,0.34
91,2020-05-22,3907.58,3824.06,3907.58,3818.15,103378360,157286506496.0,2.28,-2.29,-89.73,0.37
92,2020-05-25,3828.32,3829.32,3835.63,3800.18,79033326,127011917824.0,0.93,0.14,5.26,0.28
93,2020-05-26,3850.0,3872.77,3874.75,3844.48,77448077,125445619712.0,0.79,1.13,43.45,0.28
94,2020-05-27,3873.7,3845.61,3873.7,3838.42,83711831,123737501696.0,0.91,-0.7,-27.16,0.3
95,2020-05-28,3848.49,3856.63,3885.42,3818.43,93064054,139108409344.0,1.74,0.29,11.02,0.33
96,2020-05-29,3838.38,3867.02,3872.3,3830.42,93813832,135658135552.0,1.09,0.27,10.39,0.34
97,2020-06-01,3901.73,3971.34,3976.32,3901.73,136456653,208436514816.0,1.93,2.7,104.32,0.49
98,2020-06-02,3969.95,3983.57,3991.78,3958.98,144303060,195563302912.0,0.83,0.31,12.23,0.52
99,2020-06-03,4001.17,3983.65,4018.68,3982.93,136597484,200882765824.0,0.9,0.0,0.08,0.49
100,2020-06-04,3998.16,3982.19,3999.81,3968.57,104277737,149057855488.0,0.78,-0.04,-1.46,0.37
101,2020-06-05,3988.22,4001.25,4001.25,3967.93,102443942,154311344128.0,0.84,0.48,19.06,0.37
102,2020-06-08,4023.61,4021.95,4050.22,4016.1,137925814,193047519232.0,0.85,0.52,20.7,0.49
103,2020-06-09,4027.56,4047.03,4052.16,4016.34,115304479,166533967872.0,0.89,0.62,25.08,0.41
104,2020-06-10,4046.23,4039.71,4046.23,4024.42,112265728,166778642432.0,0.54,-0.18,-7.32,0.4
105,2020-06-11,4031.74,3995.88,4043.01,3979.75,127308941,197079441408.0,1.57,-1.08,-43.83,0.45
106,2020-06-12,3931.62,4003.08,4011.06,3927.25,134166648,193504047104.0,2.1,0.18,7.2,0.48
107,2020-06-15,3982.97,3954.99,4007.14,3954.99,131297861,211125338112.0,1.3,-1.2,-48.09,0.47
108,2020-06-16,3995.58,4014.57,4014.57,3987.86,111051538,185104027648.0,0.68,1.51,59.58,0.4
109,2020-06-17,4018.61,4017.59,4018.61,3992.13,105605798,176977502208.0,0.66,0.08,3.02,0.38
110,2020-06-18,4009.78,4044.38,4047.56,4000.9,138148762,210192916480.0,1.16,0.67,26.79,0.49
111,2020-06-19,4047.05,4098.71,4109.36,4043.49,152946990,255549796352.0,1.63,1.34,54.33,0.55
112,2020-06-22,4097.51,4102.05,4126.94,4088.78,155829466,259200520192.0,0.93,0.08,3.34,0.56
113,2020-06-23,4098.04,4121.79,4124.73,4080.75,129229509,234806509568.0,1.07,0.48,19.74,0.46
114,2020-06-24,4128.1,4138.99,4144.68,4123.36,121712466,224551432192.0,0.52,0.42,17.2,0.43
115,2020-06-29,4127.93,4109.72,4137.37,4092.54,130865853,226522058752.0,1.08,-0.71,-29.27,0.47
116,2020-06-30,4130.0,4163.96,4174.42,4129.78,125933522,227935703040.0,1.09,1.32,54.24,0.45
117,2020-07-01,4172.64,4247.78,4247.78,4163.5,169990456,305711800320.0,2.02,2.01,83.82,0.61
118,2020-07-02,4239.41,4335.84,4340.1,4238.12,252939369,399571525632.0,2.4,2.07,88.06,0.9
119,2020-07-03,4353.19,4419.6,4419.6,4348.45,290485540,442335023104.0,1.64,1.93,83.76,1.04
120,2020-07-06,4465.81,4670.09,4678.11,4465.81,405821025,597438218240.0,4.8,5.67,250.49,1.45
121,2020-07-07,4739.61,4698.13,4796.32,4688.06,406008553,635254743040.0,2.32,0.6,28.04,1.45
122,2020-07-08,4692.86,4774.0,4803.36,4670.65,348074847,532849827840.0,2.82,1.61,75.87,1.24
123,2020-07-09,4770.08,4840.77,4854.12,4757.29,351046894,556718731264.0,2.03,1.4,66.77,1.25
124,2020-07-10,4796.09,4753.13,4821.37,4734.47,316949650,510472056832.0,1.8,-1.81,-87.64,1.13
125,2020-07-13,4742.37,4852.96,4878.08,4741.87,321645445,541105098752.0,2.87,2.1,99.83,1.15
126,2020-07-14,4836.17,4806.69,4860.44,4729.93,297241984,511211048960.0,2.69,-0.95,-46.27,1.06
127,2020-07-15,4821.52,4744.47,4837.48,4723.36,272389007,486748348416.0,2.37,-1.29,-62.22,0.97
128,2020-07-16,4741.53,4516.25,4772.56,4513.65,284657134,511237963776.0,5.46,-4.81,-228.22,1.02
129,2020-07-17,4524.77,4544.7,4601.37,4485.82,207375562,372973887488.0,2.56,0.63,28.45,0.74
130,2020-07-20,4597.2,4680.3,4681.94,4534.23,246068915,416714223616.0,3.25,2.98,135.6,0.88
131,2020-07-21,4697.5,4691.04,4714.29,4661.44,200415660,356069806080.0,1.13,0.23,10.74,0.72
132,2020-07-22,4682.66,4714.45,4790.45,4675.35,224199212,386470858752.0,2.45,0.5,23.41,0.8
133,2020-07-23,4668.74,4712.44,4731.4,4607.66,234314570,405175267328.0,2.62,-0.04,-2.01,0.84
134,2020-07-24,4679.03,4505.59,4691.7,4479.39,243905203,437726711808.0,4.51,-4.39,-206.85,0.87
135,2020-07-27,4535.01,4528.45,4558.12,4482.44,171420552,301893369856.0,1.68,0.51,22.86,0.61
136,2020-07-28,4567.67,4568.26,4590.25,4537.68,162768499,292835786752.0,1.16,0.88,39.81,0.58
137,2020-07-29,4559.16,4679.01,4680.56,4548.85,186695306,350432649216.0,2.88,2.42,110.75,0.67
138,2020-07-30,4689.76,4656.15,4704.63,4649.77,166967567,324009242624.0,1.17,-0.49,-22.86,0.6
139,2020-07-31,4652.18,4695.05,4741.81,4621.96,184839027,351119310848.0,2.57,0.84,38.9,0.66
140,2020-08-03,4735.9,4771.31,4771.37,4720.03,214776238,401914826752.0,1.09,1.62,76.26,0.77
141,2020-08-04,4778.49,4775.8,4807.08,4747.77,239974986,426411347968.0,1.24,0.09,4.49,0.86
142,2020-08-05,4761.76,4777.11,4786.7,4711.27,196700549,347407839232.0,1.58,0.03,1.31,0.7
143,2020-08-06,4779.24,4762.76,4791.86,4691.16,227854405,404323405824.0,2.11,-0.3,-14.35,0.81
144,2020-08-07,4742.29,4707.93,4749.02,4637.84,213518216,397041213440.0,2.33,-1.15,-54.83,0.76
145,2020-08-10,4681.76,4724.87,4757.66,4646.29,203788833,371297558528.0,2.37,0.36,16.94,0.73
146,2020-08-11,4730.37,4681.78,4791.53,4674.86,205546511,350828584960.0,2.47,-0.91,-43.09,0.73
147,2020-08-12,4668.89,4647.64,4681.62,4566.27,202887240,347298672640.0,2.46,-0.73,-34.14,0.72
148,2020-08-13,4666.49,4635.71,4671.77,4626.1,152550093,250945871872.0,0.98,-0.26,-11.93,0.54
149,2020-08-14,4627.61,4704.63,4708.07,4617.63,147292920,254343933952.0,1.95,1.49,68.92,0.53
150,2020-08-17,4727.12,4815.23,4838.09,4721.36,268001556,416469155840.0,2.48,2.35,110.6,0.96
151,2020-08-18,4816.57,4812.76,4825.39,4788.83,189139855,314395906048.0,0.76,-0.05,-2.47,0.68
152,2020-08-19,4804.67,4740.68,4809.05,4738.01,192442949,319403286528.0,1.48,-1.5,-72.08,0.69
153,2020-08-20,4708.13,4679.15,4721.44,4662.8,158368640,260486561792.0,1.24,-1.3,-61.53,0.57
154,2020-08-21,4717.79,4718.84,4739.48,4684.81,142657864,251775160320.0,1.17,0.85,39.69,0.51
155,2020-08-24,4746.4,4755.85,4769.47,4716.61,151143511,272428687360.0,1.12,0.78,37.01,0.54
156,2020-08-25,4769.21,4761.95,4802.41,4746.31,141701350,262308790272.0,1.18,0.13,6.1,0.51
157,2020-08-26,4761.72,4706.13,4786.42,4689.88,151305180,277456359424.0,2.03,-1.17,-55.82,0.54
158,2020-08-27,4718.06,4731.35,4731.94,4679.36,119042849,223631511552.0,1.12,0.54,25.22,0.43
159,2020-08-28,4727.29,4844.27,4850.49,4719.35,159399764,305047883776.0,2.77,2.39,112.92,0.57
160,2020-08-31,4870.93,4816.22,4901.21,4816.21,202567030,357005066240.0,1.75,-0.58,-28.05,0.72
161,2020-09-01,4803.39,4842.12,4842.14,4791.78,138395402,262018072576.0,1.05,0.54,25.9,0.49
162,2020-09-02,4859.08,4843.89,4863.55,4797.52,157989524,280778612736.0,1.36,0.04,1.77,0.56
163,2020-09-03,4841.5,4817.1,4877.01,4800.06,145671201,279411990528.0,1.59,-0.55,-26.79,0.52
164,2020-09-04,4737.24,4770.22,4778.2,4726.56,120032796,238463336448.0,1.07,-0.97,-46.88,0.43
165,2020-09-07,4759.52,4669.37,4789.3,4655.56,148607790,282316394496.0,2.8,-2.11,-100.85,0.53
166,2020-09-08,4683.83,4694.39,4707.9,4639.05,139199227,249198137344.0,1.47,0.54,25.02,0.5
167,2020-09-09,4634.25,4584.59,4645.2,4558.03,162277107,244905193472.0,1.86,-2.34,-109.8,0.58
168,2020-09-10,4632.1,4581.98,4647.75,4572.21,150652879,226146353152.0,1.65,-0.06,-2.61,0.54
169,2020-09-11,4572.26,4627.28,4630.88,4563.11,115302423,198240927744.0,1.48,0.99,45.3,0.41
170,2020-09-14,4652.05,4651.05,4666.99,4625.99,107235180,211653410816.0,0.89,0.51,23.77,0.38
171,2020-09-15,4649.45,4688.48,4691.5,4630.54,101915924,194573684736.0,1.31,0.8,37.43,0.36
172,2020-09-16,4683.01,4657.36,4690.68,4638.46,108753641,196120186880.0,1.11,-0.66,-31.12,0.39
173,2020-09-17,4642.05,4632.71,4664.95,4601.64,105983631,214146646016.0,1.36,-0.53,-24.65,0.38
174,2020-09-18,4636.64,4737.09,4737.8,4631.7,160426476,281885945856.0,2.29,2.25,104.38,0.57
175,2020-09-21,4750.75,4691.43,4752.98,4688.72,124535826,224137912320.0,1.36,-0.96,-45.66,0.44
176,2020-09-22,4654.22,4635.76,4706.21,4622.11,119672947,202909216768.0,1.79,-1.19,-55.67,0.43
177,2020-09-23,4639.66,4652.33,4665.96,4623.55,95826529,190393470976.0,0.91,0.36,16.57,0.34
178,2020-09-24,4623.95,4563.07,4631.95,4562.21,112593682,193515872256.0,1.5,-1.92,-89.26,0.4
179,2020-09-25,4582.48,4570.02,4599.54,4554.72,93015155,167457378304.0,0.98,0.15,6.95,0.33
180,2020-09-28,4582.65,4581.91,4613.63,4571.15,85048389,159314673664.0,0.93,0.26,11.89,0.3
181,2020-09-29,4608.29,4591.8,4616.68,4586.35,85993859,159937888256.0,0.66,0.22,9.89,0.31
182,2020-09-30,4607.58,4587.4,4634.72,4563.41,89081201,165532221440.0,1.55,-0.1,-4.4,0.32
183,2020-10-09,4663.61,4681.14,4695.4,4655.09,111337513,229926731776.0,0.88,2.04,93.74,0.4
184,2020-10-12,4705.19,4823.16,4823.27,4704.16,155784558,307848556544.0,2.54,3.03,142.02,0.56
185,2020-10-13,4812.9,4839.2,4845.92,4795.37,116516339,242172567552.0,1.05,0.33,16.04,0.42
186,2020-10-14,4830.46,4807.1,4830.46,4795.91,111906924,229836206080.0,0.71,-0.66,-32.1,0.4
187,2020-10-15,4810.78,4798.74,4833.89,4796.26,109964961,213878284288.0,0.78,-0.17,-8.36,0.39
188,2020-10-16,4798.92,4791.68,4825.55,4765.97,116716101,204175130624.0,1.24,-0.15,-7.06,0.42
189,2020-10-19,4823.49,4755.49,4849.61,4747.34,129246362,225392197632.0,2.13,-0.76,-36.19,0.46
190,2020-10-20,4751.37,4793.47,4793.47,4739.46,98048156,185849196544.0,1.14,0.8,37.98,0.35
191,2020-10-21,4801.63,4792.83,4801.63,4758.86,103805704,189978697728.0,0.89,-0.01,-0.64,0.37
192,2020-10-22,4780.6,4777.98,4791.81,4725.5,101350892,194614972416.0,1.38,-0.31,-14.85,0.36
193,2020-10-23,4775.47,4718.49,4802.46,4717.1,106825185,200985821184.0,1.79,-1.25,-59.49,0.38
194,2020-10-26,4684.05,4691.24,4713.39,4639.3,108343276,205518987264.0,1.57,-0.58,-27.25,0.39
195,2020-10-27,4680.14,4699.28,4708.46,4671.85,92656305,186675544064.0,0.78,0.17,8.04,0.33
196,2020-10-28,4703.0,4737.27,4753.31,4685.6,108463401,226754265088.0,1.44,0.81,37.99,0.39
197,2020-10-29,4683.61,4772.92,4803.03,4679.25,117117251,252303503360.0,2.61,0.75,35.65,0.42
198,2020-10-30,4776.47,4695.33,4778.51,4683.47,139802304,280783323136.0,1.99,-1.63,-77.59,0.5
199,2020-11-02,4702.75,4720.83,4738.02,4695.44,142867694,279027683328.0,0.91,0.54,25.5,0.51
200,2020-11-03,4743.17,4777.56,4793.4,4734.17,136055409,252390555648.0,1.25,1.2,56.73,0.49
201,2020-11-04,4781.45,4813.66,4825.46,4770.56,114661806,230513774592.0,1.15,0.76,36.1,0.41
202,2020-11-05,4861.34,4885.11,4885.11,4838.0,139244595,281951932416.0,0.98,1.48,71.45,0.5
203,2020-11-06,4897.63,4885.72,4897.63,4845.43,153639035,305365102592.0,1.07,0.01,0.61,0.55
204,2020-11-09,4918.86,4981.35,4997.8,4918.86,197131983,371923283968.0,1.62,1.96,95.63,0.7
205,2020-11-10,4995.41,4953.88,4995.41,4928.93,176267215,334271459328.0,1.33,-0.55,-27.47,0.63
206,2020-11-11,4937.76,4904.9,4957.58,4901.71,164470515,303858556928.0,1.13,-0.99,-48.98,0.59
207,2020-11-12,4916.77,4908.46,4926.34,4891.51,118114619,227645906944.0,0.71,0.07,3.56,0.42
208,2020-11-13,4886.98,4856.85,4886.98,4825.76,133693079,255353110528.0,1.25,-1.05,-51.61,0.48
209,2020-11-16,4880.96,4904.17,4904.17,4848.62,148770980,266705031168.0,1.14,0.97,47.32,0.53
210,2020-11-17,4903.12,4894.79,4909.29,4865.39,151487465,288911409152.0,0.9,-0.19,-9.38,0.54
211,2020-11-18,4889.67,4891.67,4911.09,4870.72,164216617,290727223296.0,0.82,-0.06,-3.12,0.59
212,2020-11-19,4880.92,4927.99,4939.79,4870.2,133681377,247727136768.0,1.42,0.74,36.32,0.48
213,2020-11-20,4928.22,4943.29,4947.43,4922.59,129400340,229053677568.0,0.5,0.31,15.3,0.46
214,2020-11-23,4954.6,5005.03,5029.65,4940.45,205915187,333633826816.0,1.8,1.25,61.74,0.74
215,2020-11-24,4997.05,4974.29,5001.06,4960.98,156637911,264804442112.0,0.8,-0.61,-30.74,0.56
216,2020-11-25,4992.75,4910.7,5004.77,4910.7,170340526,277070643200.0,1.89,-1.28,-63.59,0.61
217,2020-11-26,4908.32,4919.59,4925.29,4867.82,137202337,239748145152.0,1.17,0.18,8.89,0.49
218,2020-11-27,4930.59,4980.77,4980.77,4917.35,162952922,253178970112.0,1.29,1.24,61.18,0.58
219,2020-11-30,4994.11,4960.25,5055.19,4960.25,262638950,396495835136.0,1.91,-0.41,-20.52,0.94
220,2020-12-01,4963.13,5067.1,5072.55,4963.13,204065638,328451014656.0,2.21,2.15,106.85,0.73
221,2020-12-02,5072.98,5067.14,5090.61,5043.31,195435476,310609727488.0,0.93,0.0,0.04,0.7
222,2020-12-03,5065.45,5057.06,5072.3,5033.79,177865748,275335208960.0,0.76,-0.2,-10.08,0.64
223,2020-12-04,5049.52,5065.92,5072.39,5017.85,144347167,257798819840.0,1.08,0.18,8.86,0.52
224,2020-12-07,5065.73,5022.24,5067.87,5014.61,139896218,264657772544.0,1.05,-0.86,-43.68,0.5
225,2020-12-08,5029.11,5009.88,5043.06,4998.92,123073029,234880647168.0,0.88,-0.25,-12.36,0.44
226,2020-12-09,5022.38,4942.7,5033.64,4942.52,138916964,260772773888.0,1.82,-1.34,-67.18,0.5
227,2020-12-10,4931.29,4940.52,4962.74,4919.77,125914271,229651279872.0,0.87,-0.04,-2.18,0.45
228,2020-12-11,4957.82,4889.63,4957.82,4849.35,159357696,275212730368.0,2.2,-1.03,-50.89,0.57
229,2020-12-14,4903.63,4934.84,4937.26,4887.66,120801551,247878279168.0,1.01,0.92,45.21,0.43
230,2020-12-15,4931.6,4945.1,4954.19,4904.79,118342633,248093388800.0,1.0,0.21,10.26,0.42
231,2020-12-16,4957.3,4953.87,4968.86,4938.19,106778967,229696036864.0,0.62,0.18,8.77,0.38
232,2020-12-17,4960.73,5017.48,5021.62,4950.37,133385480,270180356096.0,1.44,1.28,63.61,0.48
233,2020-12-18,5014.32,4999.97,5027.44,4979.01,128049618,258938552320.0,0.97,-0.35,-17.51,0.46
234,2020-12-21,4995.76,5046.84,5048.51,4970.0,140811781,298204295168.0,1.57,0.94,46.87,0.5
235,2020-12-22,5034.98,4964.77,5055.13,4960.95,162344970,326758817792.0,1.87,-1.63,-82.07,0.58
236,2020-12-23,4977.3,5007.12,5028.45,4968.15,140292818,308729036800.0,1.21,0.85,42.35,0.5
237,2020-12-24,5006.01,5000.02,5033.04,4979.24,114418668,246674477056.0,1.07,-0.14,-7.1,0.41
238,2020-12-25,4985.77,5042.01,5042.1,4973.68,121006979,243992268800.0,1.37,0.84,41.99,0.43
239,2020-12-28,5042.94,5064.41,5089.34,5037.86,136914406,281019252736.0,1.02,0.44,22.4,0.49
240,2020-12-29,5071.45,5042.94,5077.42,5034.31,141198661,279035232256.0,0.85,-0.42,-21.47,0.5
241,2020-12-30,5037.98,5113.71,5113.71,5036.63,148626447,296577814528.0,1.53,1.4,70.77,0.53
242,2020-12-31,5122.48,5211.29,5215.62,5122.48,171602509,358731370496.0,1.82,1.91,97.58,0.61
243,2021-01-04,5212.93,5267.72,5284.43,5190.94,211711383,452796174336.0,1.79,1.08,56.43,0.76
244,2021-01-05,5245.84,5368.5,5368.5,5234.38,224931159,498041937920.0,2.55,1.91,100.78,0.8
245,2021-01-06,5386.51,5417.67,5433.47,5341.43,193773445,444434378752.0,1.71,0.92,49.17,0.69
246,2021-01-07,5428.39,5513.66,5513.66,5413.35,219872079,473385353216.0,1.85,1.77,95.99,0.79
247,2021-01-08,5526.29,5495.43,5547.47,5442.69,204324956,473567653888.0,1.9,-0.33,-18.23,0.73
248,2021-01-11,5504.24,5441.16,5555.69,5412.5,231835983,522298482688.0,2.61,-0.99,-54.27,0.83
249,2021-01-12,5419.5,5596.35,5596.35,5417.63,224220186,486233759744.0,3.28,2.85,155.19,0.8
250,2021-01-13,5609.26,5577.97,5644.72,5535.14,261569887,546959736832.0,1.96,-0.33,-18.38,0.93
251,2021-01-14,5556.21,5470.46,5568.02,5458.68,243683379,501890113536.0,1.96,-1.93,-107.51,0.87
252,2021-01-15,5471.39,5458.08,5500.63,5390.27,238637435,475709919232.0,2.02,-0.23,-12.38,0.85
253,2021-01-18,5438.16,5518.52,5541.46,5410.78,207051868,422717210624.0,2.39,1.11,60.44,0.74
254,2021-01-19,5525.97,5437.52,5532.48,5415.72,211043425,433205178368.0,2.12,-1.47,-81.0,0.75
255,2021-01-20,5439.91,5476.43,5496.05,5426.54,170913260,373770383360.0,1.28,0.72,38.91,0.61
256,2021-01-21,5492.96,5564.97,5593.11,5490.56,209950198,453183684608.0,1.87,1.62,88.54,0.75
257,2021-01-22,5562.38,5569.78,5573.66,5513.88,199300019,456622194688.0,1.07,0.09,4.81,0.71
258,2021-01-25,5564.12,5625.92,5655.48,5543.27,197047020,508166979584.0,2.01,1.01,56.14,0.7
259,2021-01-26,5600.9,5512.97,5600.9,5506.0,171904591,415008071680.0,1.69,-2.01,-112.95,0.61
260,2021-01-27,5505.77,5528.0,5534.99,5449.64,160190840,376892604416.0,1.55,0.27,15.03,0.57
261,2021-01-28,5450.37,5377.14,5462.24,5360.38,170485586,376166522880.0,1.84,-2.73,-150.86,0.61
262,2021-01-29,5413.97,5351.96,5430.2,5288.1,182178785,390287691776.0,2.64,-0.47,-25.18,0.65
263,2021-02-01,5356.85,5417.65,5422.3,5342.05,166313705,346859085824.0,1.5,1.23,65.69,0.59
264,2021-02-02,5429.7,5501.09,5503.21,5411.52,165210565,380016717824.0,1.69,1.54,83.44,0.59
265,2021-02-03,5499.3,5485.2,5532.89,5473.12,188054318,404343603200.0,1.09,-0.29,-15.89,0.67
266,2021-02-04,5453.98,5473.95,5510.05,5411.57,180575654,397995204608.0,1.8,-0.21,-11.25,0.64
267,2021-02-05,5494.7,5483.41,5550.77,5477.65,189699599,395400134656.0,1.34,0.17,9.46,0.68
268,2021-02-08,5506.14,5564.56,5576.49,5479.85,164033774,367582773248.0,1.76,1.48,81.15,0.59
269,2021-02-09,5584.17,5686.25,5686.25,5555.05,164887260,378769121280.0,2.36,2.19,121.69,0.59
270,2021-02-10,5709.68,5807.72,5823.42,5707.33,170169787,417056464896.0,2.04,2.14,121.47,0.61
271,2021-02-18,5922.07,5768.38,5930.91,5747.66,218848686,507481235456.0,3.16,-0.68,-39.34,0.78
272,2021-02-19,5734.02,5778.84,5787.89,5667.32,214475781,456433795072.0,2.09,0.18,10.46,0.77
273,2021-02-22,5785.51,5597.33,5785.51,5597.33,282124383,543633154048.0,3.26,-3.14,-181.51,1.01
274,2021-02-23,5542.68,5579.67,5644.76,5541.11,233807726,424904470528.0,1.85,-0.32,-17.66,0.83
275,2021-02-24,5591.48,5437.57,5598.83,5379.73,225428611,472369209344.0,3.93,-2.55,-142.1,0.81
276,2021-02-25,5494.47,5469.56,5527.63,5444.16,230736028,412206157824.0,1.54,0.59,31.99,0.82
277,2021-02-26,5343.9,5336.76,5416.32,5318.86,212264543,405717700608.0,1.78,-2.43,-132.8,0.76
278,2021-03-01,5389.25,5418.78,5421.56,5345.94,177463524,358146547712.0,1.42,1.54,82.02,0.63
279,2021-03-02,5453.28,5349.63,5454.97,5305.05,196511114,376444604416.0,2.77,-1.28,-69.15,0.7
280,2021-03-03,5327.35,5452.21,5452.4,5316.48,194709053,337610313728.0,2.54,1.92,102.58,0.7
281,2021-03-04,5388.48,5280.71,5392.37,5254.78,212775212,384382455808.0,2.52,-3.15,-171.5,0.76
282,2021-03-05,5191.97,5262.8,5307.82,5174.25,202627955,352539774976.0,2.53,-0.34,-17.91,0.72
283,2021-03-08,5299.79,5080.02,5326.26,5079.8,230231634,407133802496.0,4.68,-3.47,-182.78,0.82
284,2021-03-09,5066.15,4971.0,5094.31,4917.91,230711004,414415212544.0,3.47,-2.15,-109.02,0.82
285,2021-03-10,5047.06,5003.61,5055.28,4981.62,169928489,309577408512.0,1.48,0.66,32.61,0.61
286,2021-03-11,5024.56,5128.22,5138.41,5020.58,189600765,333859201024.0,2.35,2.49,124.61,0.68
287,2021-03-12,5153.67,5146.38,5153.67,5086.82,201020590,323237752832.0,1.3,0.35,18.16,0.72
288,2021-03-15,5116.12,5035.54,5120.88,4992.4,204153083,330740514816.0,2.5,-2.15,-110.84,0.73
289,2021-03-16,5054.41,5079.36,5084.31,5009.95,161390054,271755046912.0,1.48,0.87,43.82,0.58
290,2021-03-17,5062.77,5100.86,5123.55,5020.13,149162376,263492419584.0,2.04,0.42,21.5,0.53
291,2021-03-18,5114.59,5141.77,5160.46,5111.13,142901519,260930048000.0,0.97,0.8,40.91,0.51
292,2021-03-19,5068.53,5007.09,5089.92,4980.76,164174848,282974490624.0,2.12,-2.62,-134.68,0.59
293,2021-03-22,5008.4,5057.15,5071.34,4996.54,167402632,264209100800.0,1.49,1.0,50.06,0.6
294,2021-03-23,5057.06,5009.25,5064.02,4966.53,158013967,255755378688.0,1.93,-0.95,-47.9,0.56
295,2021-03-24,4985.4,4928.69,5024.33,4919.89,159385981,265970020352.0,2.08,-1.61,-80.56,0.57
296,2021-03-25,4904.07,4926.35,4950.76,4883.66,132945188,219782049792.0,1.36,-0.05,-2.34,0.47
297,2021-03-26,4953.95,5037.99,5050.83,4953.95,145926697,273901924352.0,1.97,2.27,111.64,0.52
298,2021-03-29,5052.26,5046.88,5086.65,5010.39,143388216,266176602112.0,1.51,0.18,8.89,0.51
299,2021-03-30,5043.1,5094.73,5106.04,5032.8,138618560,254928015360.0,1.45,0.95,47.85,0.5
300,2021-03-31,5085.95,5048.36,5085.95,5015.61,141335744,241058484224.0,1.38,-0.91,-46.37,0.5
301,2021-04-01,5059.94,5110.78,5115.43,5056.87,120324890,211493322752.0,1.16,1.24,62.42,0.43
302,2021-04-02,5129.85,5161.56,5169.83,5116.35,127002255,248060375040.0,1.05,0.99,50.78,0.45
303,2021-04-06,5178.64,5140.34,5181.15,5125.33,109834209,213852442624.0,1.08,-0.41,-21.22,0.39
304,2021-04-07,5141.66,5103.74,5141.66,5065.19,145763748,246271188992.0,1.49,-0.71,-36.6,0.52
305,2021-04-08,5078.26,5112.21,5129.13,5062.07,141771046,228422004736.0,1.31,0.17,8.47,0.51
306,2021-04-09,5100.04,5035.34,5100.04,5022.09,128416509,221519790080.0,1.52,-1.5,-76.87,0.46
307,2021-04-12,5026.98,4947.75,5045.6,4933.01,152644314,267218194432.0,2.24,-1.74,-87.59,0.55
308,2021-04-13,4949.81,4939.64,4994.54,4924.2,132919357,225753231360.0,1.42,-0.16,-8.11,0.47
309,2021-04-14,4945.69,4980.63,4987.12,4940.27,120860838,221036277760.0,0.95,0.83,40.99,0.43
310,2021-04-15,4969.91,4948.97,4969.91,4900.3,108829384,213820882944.0,1.4,-0.64,-31.66,0.39
311,2021-04-16,4966.9,4966.18,4979.17,4917.96,111239923,213389172736.0,1.24,0.35,17.21,0.4
312,2021-04-19,4966.41,5087.02,5088.21,4940.75,154769825,307899777024.0,2.97,2.43,120.84,0.55
313,2021-04-20,5065.78,5083.37,5119.86,5058.92,136541701,276640587776.0,1.2,-0.07,-3.65,0.49
314,2021-04-21,5055.24,5098.74,5110.56,5047.99,124637276,242574995456.0,1.23,0.3,15.37,0.45
315,2021-04-22,5114.28,5089.24,5119.22,5067.14,121167644,241488846848.0,1.02,-0.19,-9.5,0.43
316,2021-04-23,5088.83,5135.45,5149.98,5086.49,122056991,264345182208.0,1.25,0.91,46.21,0.44
317,2021-04-26,5156.59,5077.24,5181.11,5072.96,151381967,325760385024.0,2.11,-1.13,-58.21,0.54
318,2021-04-27,5076.64,5090.52,5095.98,5042.61,123961838,254738010112.0,1.05,0.26,13.28,0.44
319,2021-04-28,5073.97,5119.24,5119.45,5059.26,120620319,272182521856.0,1.18,0.56,28.72,0.43
320,2021-04-29,5128.28,5164.17,5170.59,5113.65,140092480,294112452608.0,1.11,0.88,44.93,0.5
321,2021-04-30,5156.36,5123.49,5163.25,5094.93,160121620,315075104768.0,1.32,-0.79,-40.68,0.57
322,2021-05-06,5098.8,5061.12,5132.9,5037.41,158822630,323258265600.0,1.86,-1.22,-62.37,0.57
323,2021-05-07,5073.46,4996.05,5093.75,4996.04,172258322,304638402560.0,1.93,-1.29,-65.07,0.62
324,2021-05-10,5001.44,4992.42,5019.39,4953.7,170820585,282656808960.0,1.31,-0.07,-3.63,0.61
325,2021-05-11,4956.08,5023.06,5033.49,4925.92,151526497,270931615744.0,2.15,0.61,30.64,0.54
326,2021-05-12,5003.82,5044.55,5051.17,4995.4,126619087,228344004608.0,1.11,0.43,21.49,0.45
327,2021-05-13,4992.35,4992.97,5022.08,4975.45,132279406,237821403136.0,0.92,-1.02,-51.58,0.47
328,2021-05-14,5007.63,5110.59,5112.98,4981.29,159426181,318802788352.0,2.64,2.36,117.62,0.57
329,2021-05-17,5115.31,5184.99,5206.69,5115.31,153889633,335439912960.0,1.79,1.46,74.4,0.55
330,2021-05-18,5190.93,5187.6,5201.67,5156.79,118404260,238182264832.0,0.87,0.05,2.61,0.42
331,2021-05-19,5173.17,5172.27,5193.56,5151.64,118729984,250736279552.0,0.81,-0.3,-15.33,0.42
332,2021-05-20,5167.05,5186.41,5201.59,5152.04,138454776,277088460800.0,0.96,0.27,14.14,0.49
333,2021-05-21,5199.13,5134.15,5216.16,5123.12,124768484,268053626880.0,1.79,-1.01,-52.26,0.45
334,2021-05-24,5138.81,5155.59,5155.59,5092.39,126742336,278513131520.0,1.23,0.42,21.44,0.45
335,2021-05-25,5165.04,5318.48,5324.36,5161.52,182996838,404683304960.0,3.16,3.16,162.89,0.65
336,2021-05-26,5326.12,5320.59,5344.28,5308.74,169607096,346444644352.0,0.67,0.04,2.11,0.61
337,2021-05-27,5311.37,5338.23,5378.48,5286.05,148462856,311893704704.0,1.74,0.33,17.64,0.53
338,2021-05-28,5338.73,5321.09,5360.28,5288.65,164605806,330711896064.0,1.34,-0.32,-17.14,0.59
339,2021-05-31,5318.08,5331.57,5331.63,5281.69,144603269,321450799104.0,0.94,0.2,10.48,0.52
340,2021-06-01,5320.47,5341.68,5343.75,5269.26,143831475,321845841920.0,1.4,0.19,10.11,0.51
341,2021-06-02,5348.34,5289.97,5352.64,5266.79,137754319,296176177152.0,1.61,-0.97,-51.71,0.49
342,2021-06-03,5285.71,5255.29,5314.37,5255.07,141968878,285448634368.0,1.12,-0.66,-34.68,0.51
343,2021-06-04,5228.28,5282.28,5334.49,5221.23,144732088,292326047744.0,2.16,0.51,26.99,0.52
344,2021-06-07,5284.89,5277.63,5286.84,5242.95,127704970,280463261696.0,0.83,-0.09,-4.65,0.46
345,2021-06-08,5276.97,5232.12,5319.04,5201.14,130559532,304042217472.0,2.23,-0.86,-45.51,0.47
346,2021-06-09,5224.95,5236.45,5253.36,5215.35,121820321,255075450880.0,0.73,0.08,4.33,0.44
347,2021-06-10,5236.47,5271.47,5299.53,5229.52,138991967,301454336000.0,1.34,0.67,35.02,0.5
348,2021-06-11,5275.75,5224.7,5276.1,5213.6,180807173,365363494912.0,1.19,-0.89,-46.77,0.65
349,2021-06-15,5218.56,5166.56,5225.5,5137.41,142880059,330616619008.0,1.69,-1.11,-58.14,0.51
350,2021-06-16,5163.25,5080.49,5164.52,5076.02,125147986,298286772224.0,1.71,-1.67,-86.07,0.45
351,2021-06-17,5074.38,5101.89,5123.37,5073.82,120452518,281927282688.0,0.98,0.42,21.4,0.43
352,2021-06-18,5104.93,5102.47,5128.03,5064.92,148585805,356697096192.0,1.24,0.01,0.58,0.53
353,2021-06-21,5088.09,5090.39,5123.78,5058.57,132184517,331527114752.0,1.28,-0.24,-12.08,0.47
354,2021-06-22,5106.07,5122.16,5125.82,5086.28,130416753,313690365952.0,0.78,0.62,31.77,0.47
355,2021-06-23,5127.19,5147.39,5171.03,5109.76,136356058,358765666304.0,1.2,0.49,25.23,0.49
356,2021-06-24,5156.56,5155.97,5160.43,5120.58,126685624,312607424512.0,0.77,0.17,8.58,0.45
357,2021-06-25,5159.8,5239.97,5251.61,5157.48,154931062,368265641984.0,1.83,1.63,84.0,0.55
358,2021-06-28,5253.61,5251.76,5260.64,5226.22,133193784,337452773376.0,0.66,0.23,11.79,0.48
359,2021-06-29,5248.52,5190.54,5248.52,5182.68,125162998,314896842752.0,1.25,-1.17,-61.22,0.45
360,2021-06-30,5189.38,5224.04,5231.43,5186.63,103752671,281015504896.0,0.86,0.65,33.5,0.37
361,2021-07-01,5241.2,5229.66,5252.26,5190.88,127240620,324097400832.0,1.17,0.11,5.62,0.45
362,2021-07-02,5186.66,5081.12,5186.66,5074.36,130426424,342578962432.0,2.15,-2.84,-148.54,0.47
363,2021-07-05,5073.78,5085.79,5098.23,5048.0,131211589,335197786112.0,0.99,0.09,4.67,0.47
364,2021-07-06,5089.78,5083.1,5092.21,5028.51,140655219,362828902400.0,1.25,-0.05,-2.69,0.5
365,2021-07-07,5052.42,5140.49,5152.77,5045.41,148549061,336731402240.0,2.11,1.13,57.39,0.53
366,2021-07-08,5149.31,5088.26,5151.22,5078.93,173901007,397879869440.0,1.41,-1.02,-52.23,0.62
367,2021-07-09,5063.15,5069.44,5081.41,5006.41,160653225,352845582336.0,1.47,-0.37,-18.82,0.57
368,2021-07-12,5108.38,5132.71,5159.41,5070.32,206212040,437203144704.0,1.76,1.25,63.27,0.74
369,2021-07-13,5128.61,5142.1,5154.05,5114.94,166482209,361328492544.0,0.76,0.18,9.39,0.59
370,2021-07-14,5130.75,5083.08,5130.75,5075.13,188352719,372568109056.0,1.08,-1.15,-59.02,0.67
371,2021-07-15,5073.26,5151.46,5153.81,5067.68,181077102,372484079616.0,1.69,1.35,68.38,0.65
372,2021-07-16,5140.9,5094.77,5140.9,5090.63,169955983,362594258944.0,0.98,-1.1,-56.69,0.61
373,2021-07-19,5083.73,5113.49,5120.82,5047.62,153199588,340322623488.0,1.44,0.37,18.72,0.55
374,2021-07-20,5080.22,5108.99,5114.0,5067.86,129300045,283543130112.0,0.9,-0.09,-4.5,0.46
375,2021-07-21,5122.78,5144.04,5160.54,5122.3,167976468,390275518464.0,0.75,0.69,35.05,0.6
376,2021-07-22,5150.39,5151.75,5171.21,5137.88,185556864,418221654016.0,0.65,0.15,7.71,0.66
377,2021-07-23,5145.43,5089.23,5145.43,5080.0,216536847,435521171456.0,1.27,-1.21,-62.52,0.77
378,2021-07-26,5067.31,4925.3,5067.31,4859.6,228111711,495153655808.0,4.08,-3.22,-163.93,0.81
379,2021-07-27,4924.28,4751.31,4940.86,4749.03,236631224,521146118144.0,3.89,-3.53,-173.99,0.85
380,2021-07-28,4714.29,4760.48,4785.66,4663.9,192634394,419706155008.0,2.56,0.19,9.17,0.69
381,2021-07-29,4845.76,4850.27,4857.97,4800.01,173322053,415676121088.0,1.22,1.89,89.79,0.62
382,2021-07-30,4825.7,4811.17,4825.7,4761.04,182349775,420943933440.0,1.33,-0.81,-39.1,0.65
383,2021-08-02,4794.82,4933.74,4938.82,4761.46,227194918,524659449856.0,3.69,2.55,122.57,0.81
384,2021-08-03,4909.23,4934.46,4957.03,4890.85,203533361,471194128384.0,1.34,0.01,0.72,0.73
385,2021-08-04,4927.74,4978.85,4979.29,4919.66,175466460,425801408512.0,1.21,0.9,44.39,0.63
386,2021-08-05,4946.17,4948.67,4997.14,4921.94,167381829,398772207616.0,1.51,-0.61,-30.18,0.6
387,2021-08-06,4943.04,4921.56,4944.35,4891.8,154179689,371773603840.0,1.06,-0.55,-27.11,0.55
388,2021-08-09,4890.26,4985.56,5002.89,4884.04,182436872,408897064960.0,2.41,1.3,64.0,0.65
389,2021-08-10,4977.82,5043.15,5043.76,4941.24,167051901,410098757632.0,2.06,1.16,57.59,0.6
390,2021-08-11,5037.08,5015.34,5059.79,5009.98,182266074,373386346496.0,0.99,-0.55,-27.81,0.65
391,2021-08-12,4998.07,4973.35,5016.26,4962.99,168223734,361828380672.0,1.06,-0.84,-41.99,0.6
392,2021-08-13,4958.76,4945.98,4993.74,4921.28,158314322,352459067392.0,1.46,-0.55,-27.37,0.57
393,2021-08-16,4935.92,4941.07,4973.38,4931.37,161953372,340735119360.0,0.85,-0.1,-4.91,0.58
394,2021-08-17,4935.0,4837.4,4967.56,4823.39,187573473,388457132032.0,2.92,-2.1,-103.67,0.67
395,2021-08-18,4838.47,4894.24,4909.54,4818.9,197474378,395792166912.0,1.87,1.18,56.84,0.71
396,2021-08-19,4886.56,4862.14,4893.47,4839.57,201711718,397424963584.0,1.1,-0.66,-32.1,0.72
397,2021-08-20,4817.49,4769.27,4835.15,4720.83,177635809,404938035200.0,2.35,-1.91,-92.87,0.63
398,2021-08-23,4777.73,4835.88,4843.82,4764.01,167579092,389599125504.0,1.67,1.4,66.61,0.6
399,2021-08-24,4844.59,4888.39,4906.2,4842.75,197883164,417481424896.0,1.31,1.09,52.51,0.71
400,2021-08-25,4890.52,4898.16,4899.77,4865.76,189448015,371868196864.0,0.7,0.2,9.77,0.68
401,2021-08-26,4892.2,4801.61,4892.2,4798.7,197617388,368987717632.0,1.91,-1.97,-96.55,0.71
402,2021-08-27,4794.97,4827.04,4863.47,4793.59,183310211,368421408768.0,1.46,0.53,25.43,0.65
403,2021-08-30,4847.03,4813.27,4849.16,4787.2,219635758,477182070784.0,1.28,-0.29,-13.77,0.78
404,2021-08-31,4803.09,4805.61,4821.76,4740.75,235118659,460805652480.0,1.68,-0.16,-7.66,0.84
405,2021-09-01,4804.69,4869.46,4906.4,4763.3,326721080,568819748864.0,2.98,1.33,63.85,1.17
406,2021-09-02,4865.82,4869.41,4892.7,4845.62,267858012,465954131968.0,0.97,0.0,-0.05,0.96
407,2021-09-03,4875.07,4843.06,4886.55,4828.7,268091896,466430119936.0,1.19,-0.54,-26.35,0.96
408,2021-09-06,4841.06,4933.73,4944.45,4837.79,240507246,452756275200.0,2.2,1.87,90.67,0.86
409,2021-09-07,4932.98,4992.83,5005.96,4915.61,244178519,417759637504.0,1.83,1.2,59.1,0.87
410,2021-09-08,4986.8,4972.13,5013.98,4955.89,264615314,428591079424.0,1.16,-0.41,-20.7,0.94
411,2021-09-09,4952.49,4970.01,4970.15,4929.95,256530217,401675689984.0,0.81,-0.04,-2.12,0.92
412,2021-09-10,4967.98,5013.52,5042.8,4962.37,288304353,472762531840.0,1.62,0.88,43.51,1.03
413,2021-09-13,5006.77,4991.66,5029.72,4964.96,249915297,433329627136.0,1.29,-0.44,-21.86,0.89
414,2021-09-14,4989.83,4917.16,5000.98,4907.32,245590403,417245831168.0,1.88,-1.49,-74.5,0.88
415,2021-09-15,4903.85,4867.32,4903.85,4843.12,187984730,363256655872.0,1.24,-1.01,-49.84,0.67
416,2021-09-16,4866.79,4807.7,4879.53,4806.14,216752100,393517268992.0,1.51,-1.22,-59.62,0.77
417,2021-09-17,4797.11,4855.94,4857.96,4786.09,201958126,360397418496.0,1.49,1.0,48.24,0.72
418,2021-09-22,4770.73,4821.77,4830.85,4765.23,191220375,311952990208.0,1.35,-0.7,-34.17,0.68
419,2021-09-23,4848.22,4853.2,4877.34,4837.56,228151063,362140917760.0,0.83,0.65,31.43,0.81
420,2021-09-24,4845.64,4849.43,4897.06,4838.54,207693289,361849454592.0,1.21,-0.08,-3.77,0.74
421,2021-09-27,4870.85,4877.37,4922.56,4852.2,215967030,426083024896.0,1.45,0.58,27.94,0.77
422,2021-09-28,4869.08,4883.83,4901.31,4846.63,176890880,321272193024.0,1.12,0.13,6.46,0.63
423,2021-09-29,4846.02,4833.93,4868.07,4799.88,188171366,331841769472.0,1.4,-1.02,-49.9,0.67
424,2021-09-30,4843.95,4866.38,4876.07,4843.95,146113897,283254685696.0,0.66,0.67,32.45,0.52
425,2021-10-08,4915.73,4929.94,4937.09,4891.62,168968077,343635836928.0,0.93,1.31,63.56,0.6
426,2021-10-11,4941.29,4936.19,4983.73,4930.71,163511624,315186323456.0,1.08,0.13,6.25,0.58
427,2021-10-12,4920.66,4883.84,4925.49,4840.77,168079337,299424239616.0,1.72,-1.06,-52.35,0.6
428,2021-10-13,4880.14,4940.11,4953.37,4869.83,131142812,280044666880.0,1.71,1.15,56.27,0.47
429,2021-10-14,4934.26,4913.61,4953.92,4903.25,119557012,249151668224.0,1.03,-0.54,-26.5,0.43
430,2021-10-15,4896.56,4932.11,4939.82,4881.01,142822001,300728492032.0,1.2,0.38,18.5,0.51
431,2021-10-18,4922.51,4874.78,4922.51,4844.94,141245199,302539444224.0,1.57,-1.16,-57.33,0.5
432,2021-10-19,4869.39,4922.72,4928.14,4868.81,135266493,282928242688.0,1.22,0.98,47.94,0.48
433,2021-10-20,4926.77,4910.18,4944.02,4898.37,141533184,279747731456.0,0.93,-0.25,-12.54,0.51
434,2021-10-21,4914.74,4928.02,4946.18,4893.85,148898153,274802962432.0,1.07,0.36,17.84,0.53
435,2021-10-22,4934.87,4959.73,4989.89,4934.87,143926228,289252614144.0,1.12,0.64,31.71,0.51
436,2021-10-25,4940.9,4979.52,4981.65,4930.11,141861491,299408232448.0,1.04,0.4,19.79,0.51
437,2021-10-26,4983.24,4963.1,5002.57,4953.48,140888942,301786230784.0,0.99,-0.33,-16.42,0.5
438,2021-10-27,4949.23,4898.16,4949.23,4884.94,147111593,299460468736.0,1.3,-1.31,-64.94,0.53
439,2021-10-28,4882.59,4864.14,4898.66,4846.28,156649472,316631711744.0,1.07,-0.69,-34.02,0.56
440,2021-10-29,4861.27,4908.77,4908.77,4855.76,159887352,368731987968.0,1.09,0.92,44.63,0.57
441,2021-11-01,4878.13,4890.69,4908.21,4858.25,171583974,379730767872.0,1.02,-0.37,-18.08,0.61
442,2021-11-02,4886.18,4839.85,4911.23,4797.9,185437688,385731878912.0,2.32,-1.04,-50.84,0.66
443,2021-11-03,4835.81,4821.11,4858.71,4804.37,142763820,302269935616.0,1.12,-0.39,-18.74,0.51
444,2021-11-04,4841.09,4868.74,4873.94,4834.74,132592970,308688056320.0,0.81,0.99,47.63,0.47
445,2021-11-05,4858.9,4842.35,4889.68,4841.74,147789358,312070840320.0,0.98,-0.54,-26.39,0.53
446,2021-11-08,4841.15,4848.18,4866.08,4827.69,137398264,295893823488.0,0.79,0.12,5.83,0.49
447,2021-11-09,4858.25,4846.74,4870.79,4818.54,118375526,261645066240.0,1.08,-0.03,-1.44,0.42
448,2021-11-10,4832.8,4821.19,4832.8,4754.0,135118180,301058965504.0,1.63,-0.53,-25.55,0.48
449,2021-11-11,4814.77,4898.65,4898.65,4809.11,160484864,323624628224.0,1.86,1.61,77.46,0.57
450,2021-11-12,4902.93,4888.37,4909.08,4875.35,132662968,271773245440.0,0.69,-0.21,-10.28,0.47
451,2021-11-15,4894.41,4882.38,4906.33,4863.4,121823150,272997748736.0,0.88,-0.12,-5.99,0.44
452,2021-11-16,4880.9,4883.32,4915.37,4876.5,127254405,284094590976.0,0.8,0.02,0.94,0.45
453,2021-11-17,4883.25,4885.75,4891.52,4864.52,108459223,246177918976.0,0.55,0.05,2.43,0.39
454,2021-11-18,4871.42,4837.62,4871.42,4830.41,114480566,244484714496.0,0.84,-0.99,-48.13,0.41
455,2021-11-19,4832.06,4890.06,4892.81,4829.57,127198313,266280681472.0,1.31,1.08,52.44,0.45
456,2021-11-22,4895.39,4912.4,4919.0,4893.27,138092836,316148809728.0,0.53,0.46,22.34,0.49
457,2021-11-23,4905.76,4913.35,4927.52,4896.88,154304412,301022146560.0,0.62,0.02,0.95,0.55
458,2021-11-24,4914.03,4916.66,4935.49,4899.61,137150674,289707339776.0,0.73,0.07,3.31,0.49
459,2021-11-25,4917.61,4896.44,4921.33,4891.73,115984031,255450992640.0,0.6,-0.41,-20.22,0.41
460,2021-11-26,4886.95,4860.13,4886.95,4850.81,120368975,243041337344.0,0.74,-0.74,-36.31,0.43
461,2021-11-29,4820.01,4851.42,4858.53,4818.71,133626862,285995220992.0,0.82,-0.18,-8.71,0.48
462,2021-11-30,4857.18,4832.03,4871.25,4810.22,129630597,279268233216.0,1.26,-0.4,-19.39,0.46
463,2021-12-01,4831.89,4843.85,4844.52,4823.93,123086789,255968911360.0,0.43,0.24,11.82,0.44
464,2021-12-02,4839.91,4856.16,4866.85,4830.32,148088522,278051725312.0,0.75,0.25,12.31,0.53
465,2021-12-03,4856.98,4901.02,4901.02,4853.35,144059625,300052697088.0,0.98,0.92,44.86,0.51
466,2021-12-06,4909.43,4892.62,4943.9,4888.69,173615683,333405790208.0,1.13,-0.17,-8.4,0.62
467,2021-12-07,4930.83,4922.1,4934.1,4895.22,179053460,340617764864.0,0.79,0.6,29.48,0.64
468,2021-12-08,4934.41,4995.93,4995.93,4915.79,157490560,329064833024.0,1.63,1.5,73.83,0.56
469,2021-12-09,5000.69,5078.69,5114.5,4999.41,220568776,425680957440.0,2.3,1.66,82.76,0.79
470,2021-12-10,5046.27,5055.12,5060.06,5035.81,193695155,356917624832.0,0.48,-0.46,-23.57,0.69
471,2021-12-13,5090.02,5083.8,5143.84,5079.73,211801595,426376531968.0,1.27,0.57,28.68,0.76
472,2021-12-14,5066.35,5049.7,5075.21,5038.86,159107791,318685536256.0,0.72,-0.67,-34.1,0.57
473,2021-12-15,5036.28,5005.9,5060.37,5003.78,150529751,291072569344.0,1.12,-0.87,-43.8,0.54
474,2021-12-16,5006.61,5034.73,5034.73,4987.22,144053868,291474767872.0,0.95,0.58,28.83,0.51
475,2021-12-17,5021.34,4954.76,5022.11,4954.76,149005399,297943310336.0,1.34,-1.59,-79.97,0.53
476,2021-12-20,4934.97,4880.42,4971.67,4872.68,169675689,317536919552.0,2.0,-1.5,-74.34,0.61
477,2021-12-21,4876.51,4913.49,4917.8,4872.95,143339899,259023175680.0,0.92,0.68,33.07,0.51
478,2021-12-22,4924.58,4914.45,4936.67,4903.17,133256740,244642451456.0,0.68,0.02,0.96,0.48
479,2021-12-23,4924.29,4948.74,4948.74,4906.75,139555407,263359754240.0,0.85,0.7,34.29,0.5
480,2021-12-24,4953.06,4921.34,4964.91,4905.98,142673324,290483662848.0,1.19,-0.55,-27.4,0.51
481,2021-12-27,4918.15,4919.32,4939.69,4894.16,124100951,254421524480.0,0.93,-0.04,-2.02,0.44
482,2021-12-28,4923.69,4955.96,4959.14,4913.6,130457756,276316733440.0,0.93,0.74,36.64,0.47
483,2021-12-29,4958.65,4883.48,4958.65,4883.48,113587003,273225465856.0,1.52,-1.46,-72.48,0.41
484,2021-12-30,4882.16,4921.51,4940.18,4878.65,121617178,268022476800.0,1.26,0.78,38.03,0.43
485,2021-12-31,4937.46,4940.37,4950.36,4923.14,121313738,266975387648.0,0.55,0.38,18.86,0.43
486,2022-01-04,4957.98,4917.77,4961.45,4874.53,151534776,336516960256.0,1.76,-0.46,-22.6,0.54
487,2022-01-05,4907.93,4868.12,4916.28,4851.98,178816100,363944529920.0,1.31,-1.01,-49.65,0.64
488,2022-01-06,4842.16,4818.23,4857.56,4786.43,157665825,321750077440.0,1.46,-1.02,-49.89,0.56
489,2022-01-07,4824.32,4822.37,4856.65,4818.19,187139412,332218949632.0,0.8,0.09,4.14,0.67
490,2022-01-10,4812.23,4844.05,4844.39,4780.82,156211697,305033818112.0,1.32,0.45,21.68,0.56
491,2022-01-11,4840.01,4797.77,4850.88,4791.89,146928005,286445756416.0,1.22,-0.96,-46.28,0.52
492,2022-01-12,4818.89,4845.58,4852.73,4810.92,143200205,293153042432.0,0.87,1.0,47.81,0.51
493,2022-01-13,4853.03,4765.92,4853.06,4765.24,142519652,288799117312.0,1.81,-1.64,-79.66,0.51
494,2022-01-14,4743.91,4726.73,4764.05,4723.94,146863127,281828450304.0,0.84,-0.82,-39.19,0.52
495,2022-01-17,4728.76,4767.28,4775.24,4726.71,115295690,263788240896.0,1.03,0.86,40.55,0.41
496,2022-01-18,4766.78,4813.35,4826.3,4747.92,150870802,282749394944.0,1.64,0.97,46.07,0.54
497,2022-01-19,4815.81,4780.38,4828.75,4755.93,133927360,275534557184.0,1.51,-0.68,-32.97,0.48
498,2022-01-20,4778.26,4823.51,4845.0,4777.57,164971315,304344268800.0,1.41,0.9,43.13,0.59
499,2022-01-21,4808.77,4779.31,4818.31,4762.56,138952586,274699153408.0,1.16,-0.92,-44.2,0.5
500,2022-01-24,4753.94,4786.74,4801.1,4746.45,114463880,246261596160.0,1.14,0.16,7.43,0.41
501,2022-01-25,4761.95,4678.45,4781.39,4678.25,133667587,250555768832.0,2.15,-2.26,-108.29,0.48
502,2022-01-26,4697.1,4712.31,4718.99,4648.13,107070843,226553450496.0,1.51,0.72,33.86,0.38
503,2022-01-27,4708.1,4619.88,4708.44,4616.03,121263803,250535653376.0,1.96,-1.96,-92.43,0.43
504,2022-01-28,4641.81,4563.77,4660.52,4559.83,126480113,263967891456.0,2.18,-1.21,-56.11,0.45
505,2022-02-07,4638.58,4634.09,4672.65,4615.01,144849720,266031792128.0,1.26,1.54,70.32,0.52
506,2022-02-08,4626.44,4608.77,4626.44,4522.47,155830707,281364873216.0,2.24,-0.55,-25.32,0.56
507,2022-02-09,4608.15,4652.06,4659.46,4595.28,148335547,273771962368.0,1.39,0.94,43.29,0.53
508,2022-02-10,4657.21,4639.86,4657.21,4608.09,151576666,287224389632.0,1.06,-0.26,-12.2,0.54
509,2022-02-11,4617.87,4601.4,4662.6,4595.88,155974584,307938017280.0,1.44,-0.83,-38.46,0.56
510,2022-02-14,4579.42,4551.69,4593.63,4530.06,143673894,275737554944.0,1.38,-1.08,-49.71,0.51
511,2022-02-15,4553.81,4600.1,4601.45,4550.54,115025600,249977008128.0,1.12,1.06,48.41,0.41
512,2022-02-16,4619.85,4617.99,4643.1,4607.22,107258954,210190929920.0,0.78,0.39,17.89,0.38
513,2022-02-17,4616.9,4629.16,4650.16,4606.95,110014643,227946250240.0,0.94,0.24,11.17,0.39
514,2022-02-18,4604.57,4651.24,4651.34,4598.1,104550228,195825700864.0,1.15,0.48,22.08,0.37
515,2022-02-21,4646.05,4634.31,4646.67,4613.3,112516513,215039180800.0,0.72,-0.36,-16.93,0.4
516,2022-02-22,4601.92,4574.15,4602.07,4550.8,123317238,246872961024.0,1.11,-1.3,-60.16,0.44
517,2022-02-23,4582.01,4623.05,4625.3,4579.29,122952916,259050147840.0,1.01,1.07,48.9,0.44
518,2022-02-24,4592.07,4529.32,4610.88,4488.48,184403059,342346665984.0,2.65,-2.03,-93.73,0.66
519,2022-02-25,4564.63,4573.42,4611.86,4561.9,149722583,271727599616.0,1.1,0.97,44.1,0.53
520,2022-02-28,4563.74,4581.65,4581.65,4530.68,135406979,248363728896.0,1.11,0.18,8.23,0.48
521,2022-03-01,4597.86,4619.69,4623.43,4583.92,123139220,260431183872.0,0.86,0.83,38.04,0.44
522,2022-03-02,4594.02,4578.6,4594.02,4558.44,113298324,215299653632.0,0.77,-0.89,-41.09,0.4
523,2022-03-03,4595.02,4551.63,4599.4,4544.43,138285878,242701770752.0,1.2,-0.59,-26.97,0.49
524,2022-03-04,4513.36,4496.43,4539.39,4481.49,127266806,249970282496.0,1.27,-1.21,-55.2,0.45
525,2022-03-07,4462.52,4352.78,4462.52,4338.3,162197706,306898526208.0,2.76,-3.19,-143.65,0.58
526,2022-03-08,4361.64,4265.39,4383.65,4252.54,167863278,315176697856.0,3.01,-2.01,-87.39,0.6
527,2022-03-09,4280.98,4226.35,4304.48,4068.19,194232901,341009391616.0,5.54,-0.92,-39.04,0.69
528,2022-03-10,4326.2,4292.84,4335.67,4288.51,145266383,301636182016.0,1.12,1.57,66.49,0.52
529,2022-03-11,4231.2,4306.52,4316.04,4176.45,152399921,295008833536.0,3.25,0.32,13.68,0.54
530,2022-03-14,4248.15,4174.76,4280.36,4174.76,130187236,260691660800.0,2.45,-3.06,-131.76,0.46
531,2022-03-15,4125.49,3983.81,4163.42,3983.81,202524700,346988949504.0,4.3,-4.57,-190.95,0.72
532,2022-03-16,4053.1,4156.08,4168.59,3942.86,196021983,378883588096.0,5.67,4.32,172.27,0.7
533,2022-03-17,4237.67,4237.7,4302.74,4217.8,179407345,385039196160.0,2.04,1.96,81.62,0.64
534,2022-03-18,4218.47,4265.9,4283.37,4194.94,149458304,275791290368.0,2.09,0.67,28.2,0.53
535,2022-03-21,4280.14,4258.75,4287.82,4223.02,127036360,251214544896.0,1.52,-0.17,-7.15,0.45
536,2022-03-22,4252.57,4255.3,4283.33,4236.69,126382469,226213535744.0,1.1,-0.08,-3.45,0.45
537,2022-03-23,4269.61,4276.52,4287.58,4241.96,117089078,226390777856.0,1.07,0.5,21.22,0.42
538,2022-03-24,4249.53,4251.31,4273.96,4216.85,108918272,219594432512.0,1.34,-0.59,-25.21,0.39
539,2022-03-25,4249.07,4174.57,4254.84,4173.93,108808046,217013186560.0,1.9,-1.81,-76.74,0.39
540,2022-03-28,4128.84,4148.47,4174.12,4091.3,118449021,213468975104.0,1.98,-0.63,-26.1,0.42
541,2022-03-29,4155.42,4134.14,4177.21,4124.72,100266972,199463854080.0,1.27,-0.35,-14.33,0.36
542,2022-03-30,4162.17,4254.1,4254.1,4160.74,138346025,268869181440.0,2.26,2.9,119.96,0.49
